{
  "normal": {
    "precision": 0.7360328036904151,
    "recall": 0.8650602409638555,
    "f1-score": 0.7953475491553585,
    "support": 1660
  },
  "abnormal": {
    "precision": 0.8262218774243599,
    "recall": 0.6740506329113924,
    "f1-score": 0.7424189613105612,
    "support": 1580
  },
  "accuracy": 0.7719135802469136,
  "macro avg": {
    "precision": 0.7811273405573875,
    "recall": 0.769555436937624,
    "f1-score": 0.7688832552329599,
    "support": 3240
  },
  "weighted avg": {
    "precision": 0.7800138952026474,
    "recall": 0.7719135802469136,
    "f1-score": 0.7695366945890685,
    "support": 3240
  }
}