{
  "normal": {
    "precision": 0.8770894788593904,
    "recall": 0.5373493975903615,
    "f1-score": 0.6664176316772507,
    "support": 1660
  },
  "abnormal": {
    "precision": 0.6545209176788124,
    "recall": 0.9208860759493671,
    "f1-score": 0.7651853799631869,
    "support": 1580
  },
  "accuracy": 0.7243827160493828,
  "macro avg": {
    "precision": 0.7658051982691014,
    "recall": 0.7291177367698642,
    "f1-score": 0.7158015058202187,
    "support": 3240
  },
  "weighted avg": {
    "precision": 0.7685529582836765,
    "recall": 0.7243827160493828,
    "f1-score": 0.7145821509031085,
    "support": 3240
  }
}