{
  "normal": {
    "precision": 0.7610773240660296,
    "recall": 0.5277108433734939,
    "f1-score": 0.6232657417289221,
    "support": 1660
  },
  "abnormal": {
    "precision": 0.6247008137865007,
    "recall": 0.8259493670886076,
    "f1-score": 0.7113654946852003,
    "support": 1580
  },
  "accuracy": 0.6731481481481482,
  "macro avg": {
    "precision": 0.6928890689262651,
    "recall": 0.6768301052310508,
    "f1-score": 0.6673156182070612,
    "support": 3240
  },
  "weighted avg": {
    "precision": 0.694572729547,
    "recall": 0.6731481481481482,
    "f1-score": 0.666227966935996,
    "support": 3240
  }
}